"ano_referencia","recorte","nome","estimativa_milhares_pessoas","pessoas_por_1000_habitantes","periodo","denominador_taxa","autores","publicacao","revisao_edicao","fonte","tabela","pagina_impressa","pagina_pdf","sha256_documento","licenca","adaptacao"
"2021","mundo","Mundo","27577","3.5","em um dia qualquer de 2021","população total de cada região","OIT, Walk Free e OIM","2022-09-12","2026-09-27","https://www.ilo.org/sites/default/files/wcmsp5/groups/public/%40ed_norm/%40ipec/documents/publication/wcms_854733.pdf","2","18","27","0b5a44257ec470bb2a2921bb664f199ea291d3e14ba59b2a72fbeb62aab61aa4","CC BY 4.0","Tradução e adaptação pelo Mundialidade. Esta tradução não foi criada pela OIT, Walk Free ou OIM e não é uma tradução oficial dessas organizações. Elas não se responsabilizam pelo conteúdo ou precisão da tradução. A responsabilidade pelas opiniões expressas nesta adaptação é exclusivamente de seus autores; a adaptação não é endossada pela OIT, Walk Free ou OIM."
"2021","modalidade mundial","Imposto por agentes privados, exceto exploração sexual comercial","17325","","em um dia qualquer de 2021","","OIT, Walk Free e OIM","2022-09-12","2026-09-27","https://www.ilo.org/sites/default/files/wcmsp5/groups/public/%40ed_norm/%40ipec/documents/publication/wcms_854733.pdf","1","17","26","0b5a44257ec470bb2a2921bb664f199ea291d3e14ba59b2a72fbeb62aab61aa4","CC BY 4.0","Tradução e adaptação pelo Mundialidade. Esta tradução não foi criada pela OIT, Walk Free ou OIM e não é uma tradução oficial dessas organizações. Elas não se responsabilizam pelo conteúdo ou precisão da tradução. A responsabilidade pelas opiniões expressas nesta adaptação é exclusivamente de seus autores; a adaptação não é endossada pela OIT, Walk Free ou OIM."
"2021","modalidade mundial","Exploração sexual comercial forçada","6332","","em um dia qualquer de 2021","","OIT, Walk Free e OIM","2022-09-12","2026-09-27","https://www.ilo.org/sites/default/files/wcmsp5/groups/public/%40ed_norm/%40ipec/documents/publication/wcms_854733.pdf","1","17","26","0b5a44257ec470bb2a2921bb664f199ea291d3e14ba59b2a72fbeb62aab61aa4","CC BY 4.0","Tradução e adaptação pelo Mundialidade. Esta tradução não foi criada pela OIT, Walk Free ou OIM e não é uma tradução oficial dessas organizações. Elas não se responsabilizam pelo conteúdo ou precisão da tradução. A responsabilidade pelas opiniões expressas nesta adaptação é exclusivamente de seus autores; a adaptação não é endossada pela OIT, Walk Free ou OIM."
"2021","modalidade mundial","Imposto pelo Estado","3920","","em um dia qualquer de 2021","","OIT, Walk Free e OIM","2022-09-12","2026-09-27","https://www.ilo.org/sites/default/files/wcmsp5/groups/public/%40ed_norm/%40ipec/documents/publication/wcms_854733.pdf","1","17","26","0b5a44257ec470bb2a2921bb664f199ea291d3e14ba59b2a72fbeb62aab61aa4","CC BY 4.0","Tradução e adaptação pelo Mundialidade. Esta tradução não foi criada pela OIT, Walk Free ou OIM e não é uma tradução oficial dessas organizações. Elas não se responsabilizam pelo conteúdo ou precisão da tradução. A responsabilidade pelas opiniões expressas nesta adaptação é exclusivamente de seus autores; a adaptação não é endossada pela OIT, Walk Free ou OIM."
"2021","região OIT","África","3819","2.9","em um dia qualquer de 2021","população total de cada região","OIT, Walk Free e OIM","2022-09-12","2026-09-27","https://www.ilo.org/sites/default/files/wcmsp5/groups/public/%40ed_norm/%40ipec/documents/publication/wcms_854733.pdf","2","18","27","0b5a44257ec470bb2a2921bb664f199ea291d3e14ba59b2a72fbeb62aab61aa4","CC BY 4.0","Tradução e adaptação pelo Mundialidade. Esta tradução não foi criada pela OIT, Walk Free ou OIM e não é uma tradução oficial dessas organizações. Elas não se responsabilizam pelo conteúdo ou precisão da tradução. A responsabilidade pelas opiniões expressas nesta adaptação é exclusivamente de seus autores; a adaptação não é endossada pela OIT, Walk Free ou OIM."
"2021","região OIT","Américas","3593","3.5","em um dia qualquer de 2021","população total de cada região","OIT, Walk Free e OIM","2022-09-12","2026-09-27","https://www.ilo.org/sites/default/files/wcmsp5/groups/public/%40ed_norm/%40ipec/documents/publication/wcms_854733.pdf","2","18","27","0b5a44257ec470bb2a2921bb664f199ea291d3e14ba59b2a72fbeb62aab61aa4","CC BY 4.0","Tradução e adaptação pelo Mundialidade. Esta tradução não foi criada pela OIT, Walk Free ou OIM e não é uma tradução oficial dessas organizações. Elas não se responsabilizam pelo conteúdo ou precisão da tradução. A responsabilidade pelas opiniões expressas nesta adaptação é exclusivamente de seus autores; a adaptação não é endossada pela OIT, Walk Free ou OIM."
"2021","região OIT","Estados Árabes","886","5.3","em um dia qualquer de 2021","população total de cada região","OIT, Walk Free e OIM","2022-09-12","2026-09-27","https://www.ilo.org/sites/default/files/wcmsp5/groups/public/%40ed_norm/%40ipec/documents/publication/wcms_854733.pdf","2","18","27","0b5a44257ec470bb2a2921bb664f199ea291d3e14ba59b2a72fbeb62aab61aa4","CC BY 4.0","Tradução e adaptação pelo Mundialidade. Esta tradução não foi criada pela OIT, Walk Free ou OIM e não é uma tradução oficial dessas organizações. Elas não se responsabilizam pelo conteúdo ou precisão da tradução. A responsabilidade pelas opiniões expressas nesta adaptação é exclusivamente de seus autores; a adaptação não é endossada pela OIT, Walk Free ou OIM."
"2021","região OIT","Ásia e Pacífico","15142","3.5","em um dia qualquer de 2021","população total de cada região","OIT, Walk Free e OIM","2022-09-12","2026-09-27","https://www.ilo.org/sites/default/files/wcmsp5/groups/public/%40ed_norm/%40ipec/documents/publication/wcms_854733.pdf","2","18","27","0b5a44257ec470bb2a2921bb664f199ea291d3e14ba59b2a72fbeb62aab61aa4","CC BY 4.0","Tradução e adaptação pelo Mundialidade. Esta tradução não foi criada pela OIT, Walk Free ou OIM e não é uma tradução oficial dessas organizações. Elas não se responsabilizam pelo conteúdo ou precisão da tradução. A responsabilidade pelas opiniões expressas nesta adaptação é exclusivamente de seus autores; a adaptação não é endossada pela OIT, Walk Free ou OIM."
"2021","região OIT","Europa e Ásia Central","4137","4.4","em um dia qualquer de 2021","população total de cada região","OIT, Walk Free e OIM","2022-09-12","2026-09-27","https://www.ilo.org/sites/default/files/wcmsp5/groups/public/%40ed_norm/%40ipec/documents/publication/wcms_854733.pdf","2","18","27","0b5a44257ec470bb2a2921bb664f199ea291d3e14ba59b2a72fbeb62aab61aa4","CC BY 4.0","Tradução e adaptação pelo Mundialidade. Esta tradução não foi criada pela OIT, Walk Free ou OIM e não é uma tradução oficial dessas organizações. Elas não se responsabilizam pelo conteúdo ou precisão da tradução. A responsabilidade pelas opiniões expressas nesta adaptação é exclusivamente de seus autores; a adaptação não é endossada pela OIT, Walk Free ou OIM."
