"ano","contagem_beneficiarios_por_subsidio","sinalizacao","observacao","nota_contagem","fonte","metadados","licenca","atualizacao_fonte","coleta","ultima_tentativa","coleta_anterior"
"1990","100773","","","Inclui beneficiárias/os de subsídio de desemprego, subsídio social de desemprego inicial e subsequente, prolongamento de subsídio social de desemprego e medida extraordinária de apoio aos desempregados de longa duração. Os beneficiárias/os são contados tantas vezes quantas os subsídios que recebem.","https://www.ine.pt/xurl/indx/0004348/PT","https://www.ine.pt/ine/json_indicador/pindicaMeta.jsp?varcd=0004348&lang=PT","https://dados.gov.pt/api/1/datasets/687042d38c1cd0da86630c9a/","2026-07-04","2026-10-04T14:40:42.373Z","2026-10-07T16:10:31.911Z","true"
"1991","170633","","","Inclui beneficiárias/os de subsídio de desemprego, subsídio social de desemprego inicial e subsequente, prolongamento de subsídio social de desemprego e medida extraordinária de apoio aos desempregados de longa duração. Os beneficiárias/os são contados tantas vezes quantas os subsídios que recebem.","https://www.ine.pt/xurl/indx/0004348/PT","https://www.ine.pt/ine/json_indicador/pindicaMeta.jsp?varcd=0004348&lang=PT","https://dados.gov.pt/api/1/datasets/687042d38c1cd0da86630c9a/","2026-07-04","2026-10-04T14:40:42.373Z","2026-10-07T16:10:31.911Z","true"
"1992","230986","","","Inclui beneficiárias/os de subsídio de desemprego, subsídio social de desemprego inicial e subsequente, prolongamento de subsídio social de desemprego e medida extraordinária de apoio aos desempregados de longa duração. Os beneficiárias/os são contados tantas vezes quantas os subsídios que recebem.","https://www.ine.pt/xurl/indx/0004348/PT","https://www.ine.pt/ine/json_indicador/pindicaMeta.jsp?varcd=0004348&lang=PT","https://dados.gov.pt/api/1/datasets/687042d38c1cd0da86630c9a/","2026-07-04","2026-10-04T14:40:42.373Z","2026-10-07T16:10:31.911Z","true"
"1993","313450","","","Inclui beneficiárias/os de subsídio de desemprego, subsídio social de desemprego inicial e subsequente, prolongamento de subsídio social de desemprego e medida extraordinária de apoio aos desempregados de longa duração. Os beneficiárias/os são contados tantas vezes quantas os subsídios que recebem.","https://www.ine.pt/xurl/indx/0004348/PT","https://www.ine.pt/ine/json_indicador/pindicaMeta.jsp?varcd=0004348&lang=PT","https://dados.gov.pt/api/1/datasets/687042d38c1cd0da86630c9a/","2026-07-04","2026-10-04T14:40:42.373Z","2026-10-07T16:10:31.911Z","true"
"1994","361170","","","Inclui beneficiárias/os de subsídio de desemprego, subsídio social de desemprego inicial e subsequente, prolongamento de subsídio social de desemprego e medida extraordinária de apoio aos desempregados de longa duração. Os beneficiárias/os são contados tantas vezes quantas os subsídios que recebem.","https://www.ine.pt/xurl/indx/0004348/PT","https://www.ine.pt/ine/json_indicador/pindicaMeta.jsp?varcd=0004348&lang=PT","https://dados.gov.pt/api/1/datasets/687042d38c1cd0da86630c9a/","2026-07-04","2026-10-04T14:40:42.373Z","2026-10-07T16:10:31.911Z","true"
"1995","323146","","","Inclui beneficiárias/os de subsídio de desemprego, subsídio social de desemprego inicial e subsequente, prolongamento de subsídio social de desemprego e medida extraordinária de apoio aos desempregados de longa duração. Os beneficiárias/os são contados tantas vezes quantas os subsídios que recebem.","https://www.ine.pt/xurl/indx/0004348/PT","https://www.ine.pt/ine/json_indicador/pindicaMeta.jsp?varcd=0004348&lang=PT","https://dados.gov.pt/api/1/datasets/687042d38c1cd0da86630c9a/","2026-07-04","2026-10-04T14:40:42.373Z","2026-10-07T16:10:31.911Z","true"
"1996","331615","","","Inclui beneficiárias/os de subsídio de desemprego, subsídio social de desemprego inicial e subsequente, prolongamento de subsídio social de desemprego e medida extraordinária de apoio aos desempregados de longa duração. Os beneficiárias/os são contados tantas vezes quantas os subsídios que recebem.","https://www.ine.pt/xurl/indx/0004348/PT","https://www.ine.pt/ine/json_indicador/pindicaMeta.jsp?varcd=0004348&lang=PT","https://dados.gov.pt/api/1/datasets/687042d38c1cd0da86630c9a/","2026-07-04","2026-10-04T14:40:42.373Z","2026-10-07T16:10:31.911Z","true"
"1997","337821","","","Inclui beneficiárias/os de subsídio de desemprego, subsídio social de desemprego inicial e subsequente, prolongamento de subsídio social de desemprego e medida extraordinária de apoio aos desempregados de longa duração. Os beneficiárias/os são contados tantas vezes quantas os subsídios que recebem.","https://www.ine.pt/xurl/indx/0004348/PT","https://www.ine.pt/ine/json_indicador/pindicaMeta.jsp?varcd=0004348&lang=PT","https://dados.gov.pt/api/1/datasets/687042d38c1cd0da86630c9a/","2026-07-04","2026-10-04T14:40:42.373Z","2026-10-07T16:10:31.911Z","true"
"1998","322932","","","Inclui beneficiárias/os de subsídio de desemprego, subsídio social de desemprego inicial e subsequente, prolongamento de subsídio social de desemprego e medida extraordinária de apoio aos desempregados de longa duração. Os beneficiárias/os são contados tantas vezes quantas os subsídios que recebem.","https://www.ine.pt/xurl/indx/0004348/PT","https://www.ine.pt/ine/json_indicador/pindicaMeta.jsp?varcd=0004348&lang=PT","https://dados.gov.pt/api/1/datasets/687042d38c1cd0da86630c9a/","2026-07-04","2026-10-04T14:40:42.373Z","2026-10-07T16:10:31.911Z","true"
"1999","325210","","","Inclui beneficiárias/os de subsídio de desemprego, subsídio social de desemprego inicial e subsequente, prolongamento de subsídio social de desemprego e medida extraordinária de apoio aos desempregados de longa duração. Os beneficiárias/os são contados tantas vezes quantas os subsídios que recebem.","https://www.ine.pt/xurl/indx/0004348/PT","https://www.ine.pt/ine/json_indicador/pindicaMeta.jsp?varcd=0004348&lang=PT","https://dados.gov.pt/api/1/datasets/687042d38c1cd0da86630c9a/","2026-07-04","2026-10-04T14:40:42.373Z","2026-10-07T16:10:31.911Z","true"
"2000","329206","","","Inclui beneficiárias/os de subsídio de desemprego, subsídio social de desemprego inicial e subsequente, prolongamento de subsídio social de desemprego e medida extraordinária de apoio aos desempregados de longa duração. Os beneficiárias/os são contados tantas vezes quantas os subsídios que recebem.","https://www.ine.pt/xurl/indx/0004348/PT","https://www.ine.pt/ine/json_indicador/pindicaMeta.jsp?varcd=0004348&lang=PT","https://dados.gov.pt/api/1/datasets/687042d38c1cd0da86630c9a/","2026-07-04","2026-10-04T14:40:42.373Z","2026-10-07T16:10:31.911Z","true"
"2001","337085","","","Inclui beneficiárias/os de subsídio de desemprego, subsídio social de desemprego inicial e subsequente, prolongamento de subsídio social de desemprego e medida extraordinária de apoio aos desempregados de longa duração. Os beneficiárias/os são contados tantas vezes quantas os subsídios que recebem.","https://www.ine.pt/xurl/indx/0004348/PT","https://www.ine.pt/ine/json_indicador/pindicaMeta.jsp?varcd=0004348&lang=PT","https://dados.gov.pt/api/1/datasets/687042d38c1cd0da86630c9a/","2026-07-04","2026-10-04T14:40:42.373Z","2026-10-07T16:10:31.911Z","true"
"2002","370145","","","Inclui beneficiárias/os de subsídio de desemprego, subsídio social de desemprego inicial e subsequente, prolongamento de subsídio social de desemprego e medida extraordinária de apoio aos desempregados de longa duração. Os beneficiárias/os são contados tantas vezes quantas os subsídios que recebem.","https://www.ine.pt/xurl/indx/0004348/PT","https://www.ine.pt/ine/json_indicador/pindicaMeta.jsp?varcd=0004348&lang=PT","https://dados.gov.pt/api/1/datasets/687042d38c1cd0da86630c9a/","2026-07-04","2026-10-04T14:40:42.373Z","2026-10-07T16:10:31.911Z","true"
"2003","482072","","","Inclui beneficiárias/os de subsídio de desemprego, subsídio social de desemprego inicial e subsequente, prolongamento de subsídio social de desemprego e medida extraordinária de apoio aos desempregados de longa duração. Os beneficiárias/os são contados tantas vezes quantas os subsídios que recebem.","https://www.ine.pt/xurl/indx/0004348/PT","https://www.ine.pt/ine/json_indicador/pindicaMeta.jsp?varcd=0004348&lang=PT","https://dados.gov.pt/api/1/datasets/687042d38c1cd0da86630c9a/","2026-07-04","2026-10-04T14:40:42.373Z","2026-10-07T16:10:31.911Z","true"
"2004","546152","","","Inclui beneficiárias/os de subsídio de desemprego, subsídio social de desemprego inicial e subsequente, prolongamento de subsídio social de desemprego e medida extraordinária de apoio aos desempregados de longa duração. Os beneficiárias/os são contados tantas vezes quantas os subsídios que recebem.","https://www.ine.pt/xurl/indx/0004348/PT","https://www.ine.pt/ine/json_indicador/pindicaMeta.jsp?varcd=0004348&lang=PT","https://dados.gov.pt/api/1/datasets/687042d38c1cd0da86630c9a/","2026-07-04","2026-10-04T14:40:42.373Z","2026-10-07T16:10:31.911Z","true"
"2005","506445","","","Inclui beneficiárias/os de subsídio de desemprego, subsídio social de desemprego inicial e subsequente, prolongamento de subsídio social de desemprego e medida extraordinária de apoio aos desempregados de longa duração. Os beneficiárias/os são contados tantas vezes quantas os subsídios que recebem.","https://www.ine.pt/xurl/indx/0004348/PT","https://www.ine.pt/ine/json_indicador/pindicaMeta.jsp?varcd=0004348&lang=PT","https://dados.gov.pt/api/1/datasets/687042d38c1cd0da86630c9a/","2026-07-04","2026-10-04T14:40:42.373Z","2026-10-07T16:10:31.911Z","true"
"2006","506476","","","Inclui beneficiárias/os de subsídio de desemprego, subsídio social de desemprego inicial e subsequente, prolongamento de subsídio social de desemprego e medida extraordinária de apoio aos desempregados de longa duração. Os beneficiárias/os são contados tantas vezes quantas os subsídios que recebem.","https://www.ine.pt/xurl/indx/0004348/PT","https://www.ine.pt/ine/json_indicador/pindicaMeta.jsp?varcd=0004348&lang=PT","https://dados.gov.pt/api/1/datasets/687042d38c1cd0da86630c9a/","2026-07-04","2026-10-04T14:40:42.373Z","2026-10-07T16:10:31.911Z","true"
"2007","474756","","","Inclui beneficiárias/os de subsídio de desemprego, subsídio social de desemprego inicial e subsequente, prolongamento de subsídio social de desemprego e medida extraordinária de apoio aos desempregados de longa duração. Os beneficiárias/os são contados tantas vezes quantas os subsídios que recebem.","https://www.ine.pt/xurl/indx/0004348/PT","https://www.ine.pt/ine/json_indicador/pindicaMeta.jsp?varcd=0004348&lang=PT","https://dados.gov.pt/api/1/datasets/687042d38c1cd0da86630c9a/","2026-07-04","2026-10-04T14:40:42.373Z","2026-10-07T16:10:31.911Z","true"
"2008","454518","","","Inclui beneficiárias/os de subsídio de desemprego, subsídio social de desemprego inicial e subsequente, prolongamento de subsídio social de desemprego e medida extraordinária de apoio aos desempregados de longa duração. Os beneficiárias/os são contados tantas vezes quantas os subsídios que recebem.","https://www.ine.pt/xurl/indx/0004348/PT","https://www.ine.pt/ine/json_indicador/pindicaMeta.jsp?varcd=0004348&lang=PT","https://dados.gov.pt/api/1/datasets/687042d38c1cd0da86630c9a/","2026-07-04","2026-10-04T14:40:42.373Z","2026-10-07T16:10:31.911Z","true"
"2009","547455","","","Inclui beneficiárias/os de subsídio de desemprego, subsídio social de desemprego inicial e subsequente, prolongamento de subsídio social de desemprego e medida extraordinária de apoio aos desempregados de longa duração. Os beneficiárias/os são contados tantas vezes quantas os subsídios que recebem.","https://www.ine.pt/xurl/indx/0004348/PT","https://www.ine.pt/ine/json_indicador/pindicaMeta.jsp?varcd=0004348&lang=PT","https://dados.gov.pt/api/1/datasets/687042d38c1cd0da86630c9a/","2026-07-04","2026-10-04T14:40:42.373Z","2026-10-07T16:10:31.911Z","true"
"2010","582607","","","Inclui beneficiárias/os de subsídio de desemprego, subsídio social de desemprego inicial e subsequente, prolongamento de subsídio social de desemprego e medida extraordinária de apoio aos desempregados de longa duração. Os beneficiárias/os são contados tantas vezes quantas os subsídios que recebem.","https://www.ine.pt/xurl/indx/0004348/PT","https://www.ine.pt/ine/json_indicador/pindicaMeta.jsp?varcd=0004348&lang=PT","https://dados.gov.pt/api/1/datasets/687042d38c1cd0da86630c9a/","2026-07-04","2026-10-04T14:40:42.373Z","2026-10-07T16:10:31.911Z","true"
"2011","553212","","","Inclui beneficiárias/os de subsídio de desemprego, subsídio social de desemprego inicial e subsequente, prolongamento de subsídio social de desemprego e medida extraordinária de apoio aos desempregados de longa duração. Os beneficiárias/os são contados tantas vezes quantas os subsídios que recebem.","https://www.ine.pt/xurl/indx/0004348/PT","https://www.ine.pt/ine/json_indicador/pindicaMeta.jsp?varcd=0004348&lang=PT","https://dados.gov.pt/api/1/datasets/687042d38c1cd0da86630c9a/","2026-07-04","2026-10-04T14:40:42.373Z","2026-10-07T16:10:31.911Z","true"
"2012","638317","","","Inclui beneficiárias/os de subsídio de desemprego, subsídio social de desemprego inicial e subsequente, prolongamento de subsídio social de desemprego e medida extraordinária de apoio aos desempregados de longa duração. Os beneficiárias/os são contados tantas vezes quantas os subsídios que recebem.","https://www.ine.pt/xurl/indx/0004348/PT","https://www.ine.pt/ine/json_indicador/pindicaMeta.jsp?varcd=0004348&lang=PT","https://dados.gov.pt/api/1/datasets/687042d38c1cd0da86630c9a/","2026-07-04","2026-10-04T14:40:42.373Z","2026-10-07T16:10:31.911Z","true"
"2013","654933","","","Inclui beneficiárias/os de subsídio de desemprego, subsídio social de desemprego inicial e subsequente, prolongamento de subsídio social de desemprego e medida extraordinária de apoio aos desempregados de longa duração. Os beneficiárias/os são contados tantas vezes quantas os subsídios que recebem.","https://www.ine.pt/xurl/indx/0004348/PT","https://www.ine.pt/ine/json_indicador/pindicaMeta.jsp?varcd=0004348&lang=PT","https://dados.gov.pt/api/1/datasets/687042d38c1cd0da86630c9a/","2026-07-04","2026-10-04T14:40:42.373Z","2026-10-07T16:10:31.911Z","true"
"2014","583523","","","Inclui beneficiárias/os de subsídio de desemprego, subsídio social de desemprego inicial e subsequente, prolongamento de subsídio social de desemprego e medida extraordinária de apoio aos desempregados de longa duração. Os beneficiárias/os são contados tantas vezes quantas os subsídios que recebem.","https://www.ine.pt/xurl/indx/0004348/PT","https://www.ine.pt/ine/json_indicador/pindicaMeta.jsp?varcd=0004348&lang=PT","https://dados.gov.pt/api/1/datasets/687042d38c1cd0da86630c9a/","2026-07-04","2026-10-04T14:40:42.373Z","2026-10-07T16:10:31.911Z","true"
"2015","524791","","","Inclui beneficiárias/os de subsídio de desemprego, subsídio social de desemprego inicial e subsequente, prolongamento de subsídio social de desemprego e medida extraordinária de apoio aos desempregados de longa duração. Os beneficiárias/os são contados tantas vezes quantas os subsídios que recebem.","https://www.ine.pt/xurl/indx/0004348/PT","https://www.ine.pt/ine/json_indicador/pindicaMeta.jsp?varcd=0004348&lang=PT","https://dados.gov.pt/api/1/datasets/687042d38c1cd0da86630c9a/","2026-07-04","2026-10-04T14:40:42.373Z","2026-10-07T16:10:31.911Z","true"
"2016","463121","","","Inclui beneficiárias/os de subsídio de desemprego, subsídio social de desemprego inicial e subsequente, prolongamento de subsídio social de desemprego e medida extraordinária de apoio aos desempregados de longa duração. Os beneficiárias/os são contados tantas vezes quantas os subsídios que recebem.","https://www.ine.pt/xurl/indx/0004348/PT","https://www.ine.pt/ine/json_indicador/pindicaMeta.jsp?varcd=0004348&lang=PT","https://dados.gov.pt/api/1/datasets/687042d38c1cd0da86630c9a/","2026-07-04","2026-10-04T14:40:42.373Z","2026-10-07T16:10:31.911Z","true"
"2017","405795","","","Inclui beneficiárias/os de subsídio de desemprego, subsídio social de desemprego inicial e subsequente, prolongamento de subsídio social de desemprego e medida extraordinária de apoio aos desempregados de longa duração. Os beneficiárias/os são contados tantas vezes quantas os subsídios que recebem.","https://www.ine.pt/xurl/indx/0004348/PT","https://www.ine.pt/ine/json_indicador/pindicaMeta.jsp?varcd=0004348&lang=PT","https://dados.gov.pt/api/1/datasets/687042d38c1cd0da86630c9a/","2026-07-04","2026-10-04T14:40:42.373Z","2026-10-07T16:10:31.911Z","true"
"2018","367519","","","Inclui beneficiárias/os de subsídio de desemprego, subsídio social de desemprego inicial e subsequente, prolongamento de subsídio social de desemprego e medida extraordinária de apoio aos desempregados de longa duração. Os beneficiárias/os são contados tantas vezes quantas os subsídios que recebem.","https://www.ine.pt/xurl/indx/0004348/PT","https://www.ine.pt/ine/json_indicador/pindicaMeta.jsp?varcd=0004348&lang=PT","https://dados.gov.pt/api/1/datasets/687042d38c1cd0da86630c9a/","2026-07-04","2026-10-04T14:40:42.373Z","2026-10-07T16:10:31.911Z","true"
"2019","352415","","","Inclui beneficiárias/os de subsídio de desemprego, subsídio social de desemprego inicial e subsequente, prolongamento de subsídio social de desemprego e medida extraordinária de apoio aos desempregados de longa duração. Os beneficiárias/os são contados tantas vezes quantas os subsídios que recebem.","https://www.ine.pt/xurl/indx/0004348/PT","https://www.ine.pt/ine/json_indicador/pindicaMeta.jsp?varcd=0004348&lang=PT","https://dados.gov.pt/api/1/datasets/687042d38c1cd0da86630c9a/","2026-07-04","2026-10-04T14:40:42.373Z","2026-10-07T16:10:31.911Z","true"
"2020","434212","","","Inclui beneficiárias/os de subsídio de desemprego, subsídio social de desemprego inicial e subsequente, prolongamento de subsídio social de desemprego e medida extraordinária de apoio aos desempregados de longa duração. Os beneficiárias/os são contados tantas vezes quantas os subsídios que recebem.","https://www.ine.pt/xurl/indx/0004348/PT","https://www.ine.pt/ine/json_indicador/pindicaMeta.jsp?varcd=0004348&lang=PT","https://dados.gov.pt/api/1/datasets/687042d38c1cd0da86630c9a/","2026-07-04","2026-10-04T14:40:42.373Z","2026-10-07T16:10:31.911Z","true"
"2021","411066","","","Inclui beneficiárias/os de subsídio de desemprego, subsídio social de desemprego inicial e subsequente, prolongamento de subsídio social de desemprego e medida extraordinária de apoio aos desempregados de longa duração. Os beneficiárias/os são contados tantas vezes quantas os subsídios que recebem.","https://www.ine.pt/xurl/indx/0004348/PT","https://www.ine.pt/ine/json_indicador/pindicaMeta.jsp?varcd=0004348&lang=PT","https://dados.gov.pt/api/1/datasets/687042d38c1cd0da86630c9a/","2026-07-04","2026-10-04T14:40:42.373Z","2026-10-07T16:10:31.911Z","true"
"2022","335271","","","Inclui beneficiárias/os de subsídio de desemprego, subsídio social de desemprego inicial e subsequente, prolongamento de subsídio social de desemprego e medida extraordinária de apoio aos desempregados de longa duração. Os beneficiárias/os são contados tantas vezes quantas os subsídios que recebem.","https://www.ine.pt/xurl/indx/0004348/PT","https://www.ine.pt/ine/json_indicador/pindicaMeta.jsp?varcd=0004348&lang=PT","https://dados.gov.pt/api/1/datasets/687042d38c1cd0da86630c9a/","2026-07-04","2026-10-04T14:40:42.373Z","2026-10-07T16:10:31.911Z","true"
"2023","346139","","","Inclui beneficiárias/os de subsídio de desemprego, subsídio social de desemprego inicial e subsequente, prolongamento de subsídio social de desemprego e medida extraordinária de apoio aos desempregados de longa duração. Os beneficiárias/os são contados tantas vezes quantas os subsídios que recebem.","https://www.ine.pt/xurl/indx/0004348/PT","https://www.ine.pt/ine/json_indicador/pindicaMeta.jsp?varcd=0004348&lang=PT","https://dados.gov.pt/api/1/datasets/687042d38c1cd0da86630c9a/","2026-07-04","2026-10-04T14:40:42.373Z","2026-10-07T16:10:31.911Z","true"
"2024","374471","","","Inclui beneficiárias/os de subsídio de desemprego, subsídio social de desemprego inicial e subsequente, prolongamento de subsídio social de desemprego e medida extraordinária de apoio aos desempregados de longa duração. Os beneficiárias/os são contados tantas vezes quantas os subsídios que recebem.","https://www.ine.pt/xurl/indx/0004348/PT","https://www.ine.pt/ine/json_indicador/pindicaMeta.jsp?varcd=0004348&lang=PT","https://dados.gov.pt/api/1/datasets/687042d38c1cd0da86630c9a/","2026-07-04","2026-10-04T14:40:42.373Z","2026-10-07T16:10:31.911Z","true"
"2025","378306","","","Inclui beneficiárias/os de subsídio de desemprego, subsídio social de desemprego inicial e subsequente, prolongamento de subsídio social de desemprego e medida extraordinária de apoio aos desempregados de longa duração. Os beneficiárias/os são contados tantas vezes quantas os subsídios que recebem.","https://www.ine.pt/xurl/indx/0004348/PT","https://www.ine.pt/ine/json_indicador/pindicaMeta.jsp?varcd=0004348&lang=PT","https://dados.gov.pt/api/1/datasets/687042d38c1cd0da86630c9a/","2026-07-04","2026-10-04T14:40:42.373Z","2026-10-07T16:10:31.911Z","true"
